Compute Time (ms),Total Expected Value (Precise),Total Expected Value (ROC)
615.0,0.25202234900425874,0.2670146207247434,
385.0,0.30380587435851353,0.30010221754565136,
19793.0,0.4558502382630822,0.45571657140655764,
216.0,0.40715834878949086,0.40560713542080906,
22458.0,0.3500548407603146,0.34531377776256156,
